model,num_samples,accuracy,f1_macro,precision,recall,tp,fp,fn,tn,variety,source
BASELINE-ROBERTALARG,260,0.569230769,0.362745098,0,0,0,7,105,148,en-AU,Google
BASELINE-ROBERTALARG,482,0.468879668,0.45873105,0.336134454,0.449438202,80,158,98,146,en-AU,Reddit
BASELINE-ROBERTALARG,450,0.622222222,0.383561644,0,0,0,0,170,280,en-IN,Google
BASELINE-ROBERTALARG,460,0.658695652,0.50027332,0.196428571,0.247191011,22,90,67,281,en-IN,Reddit
BASELINE-ROBERTALARG,497,0.613682093,0.380299252,0,0,0,6,186,305,en-UK,Google
BASELINE-ROBERTALARG,279,0.508960573,0.451929281,0.183098592,0.553191489,26,116,21,116,en-UK,Reddit
CNN-over-tokens,260,0.580769231,0.367396594,0,0,0,4,105,151,en-AU,Google
CNN-over-tokens,482,0.510373444,0.451427469,0.301369863,0.247191011,44,102,134,202,en-AU,Reddit
CNN-over-tokens,450,0.62,0.382716049,0,0,0,1,170,279,en-IN,Google
CNN-over-tokens,460,0.743478261,0.497016198,0.204081633,0.112359551,10,39,79,332,en-IN,Reddit
CNN-over-tokens,497,0.623742455,0.384138786,0,0,0,1,186,310,en-UK,Google
CNN-over-tokens,279,0.734767025,0.542014197,0.235294118,0.255319149,12,39,35,193,en-UK,Reddit
CNN-over-tokens-translated-data,260,0.576923077,0.37412465,0.142857143,0.00952381,1,6,104,149,en-AU,Google
CNN-over-tokens-translated-data,482,0.458506224,0.454559644,0.342205323,0.505617978,90,173,88,131,en-AU,Reddit
CNN-over-tokens-translated-data,450,0.622222222,0.383561644,0,0,0,0,170,280,en-IN,Google
CNN-over-tokens-translated-data,460,0.7,0.50659122,0.204819277,0.191011236,17,66,72,305,en-IN,Reddit
CNN-over-tokens-translated-data,497,0.61971831,0.382608696,0,0,0,3,186,308,en-UK,Google
CNN-over-tokens-translated-data,279,0.630824373,0.532404771,0.230769231,0.510638298,24,80,23,152,en-UK,Reddit
DISTIBERT,260,0.573076923,0.372485921,0.125,0.00952381,1,7,104,148,en-AU,Google
DISTIBERT,482,0.506224066,0.470006653,0.331460674,0.331460674,59,119,119,185,en-AU,Reddit
DISTIBERT,450,0.62,0.382716049,0,0,0,1,170,279,en-IN,Google
DISTIBERT,460,0.697826087,0.486734899,0.171052632,0.146067416,13,63,76,308,en-IN,Reddit
DISTIBERT,497,0.617706237,0.381840796,0,0,0,4,186,307,en-UK,Google
DISTIBERT,279,0.702508961,0.520131794,0.2,0.255319149,12,48,35,184,en-UK,Reddit
attention-pooling,260,0.573076923,0.364303178,0,0,0,6,105,149,en-AU,Google
attention-pooling,482,0.452282158,0.448856549,0.338345865,0.505617978,90,176,88,128,en-AU,Reddit
attention-pooling,450,0.62,0.382716049,0,0,0,1,170,279,en-IN,Google
attention-pooling,460,0.547826087,0.468196269,0.191709845,0.415730337,37,156,52,215,en-IN,Reddit
attention-pooling,497,0.61971831,0.382608696,0,0,0,3,186,308,en-UK,Google
attention-pooling,279,0.448028674,0.412068966,0.171779141,0.595744681,28,135,19,97,en-UK,Reddit
attention-pooling-translated-data,260,0.580769231,0.375757175,0.166666667,0.00952381,1,5,104,150,en-AU,Google
attention-pooling-translated-data,482,0.466804979,0.458126096,0.33744856,0.460674157,82,161,96,143,en-AU,Reddit
attention-pooling-translated-data,450,0.62,0.388173744,0.333333333,0.005882353,1,2,169,278,en-IN,Google
attention-pooling-translated-data,460,0.676086957,0.507752857,0.205882353,0.235955056,21,81,68,290,en-IN,Reddit
attention-pooling-translated-data,497,0.623742455,0.384138786,0,0,0,1,186,310,en-UK,Google
attention-pooling-translated-data,279,0.691756272,0.5640625,0.259259259,0.446808511,21,60,26,172,en-UK,Reddit
Robertalarge_VAAT,260,0.55,0.390515117,0.227272727,0.047619048,5,17,100,138,en-AU,Google
Robertalarge_VAAT,482,0.363070539,0.342627022,0.334190231,0.730337079,130,259,48,45,en-AU,Reddit
Robertalarge_VAAT,450,0.622222222,0.383561644,0,0,0,0,170,280,en-IN,Google
Robertalarge_VAAT,460,0.72826087,0.504818333,0.209677419,0.146067416,13,49,76,322,en-IN,Reddit
Robertalarge_VAAT,497,0.625754527,0.38490099,0,0,0,0,186,311,en-UK,Google
Robertalarge_VAAT,279,0.616487455,0.545899819,0.254098361,0.659574468,31,91,16,141,en-UK,Reddit
