model,num_samples,accuracy,f1_macro,precision,recall,tp,fp,fn,tn,source
BASELINE-ROBERTALARG,1207,0.6072908036454018,0.37783505154639174,0.0,0.0,0,13,461,733,Google
BASELINE-ROBERTALARG,1221,0.5495495495495496,0.4907160234670291,0.2601626016260163,0.40764331210191085,128,364,186,543,Reddit
CNN-over-tokens,1207,0.6130903065451533,0.3800719054956343,0.0,0.0,0,6,461,740,Google
CNN-over-tokens,1221,0.6494676494676495,0.5041483224533171,0.2682926829268293,0.21019108280254778,66,180,248,727,Reddit
CNN-over-tokens-translated-data,1207,0.6114333057166529,0.381433487078117,0.1,0.0021691973969631237,1,9,460,737,Google
CNN-over-tokens-translated-data,1221,0.5888615888615889,0.521883131876018,0.2911111111111111,0.4171974522292994,131,319,183,588,Reddit
DISTIBERT,1207,0.6089478044739023,0.3804602201052677,0.07692307692307693,0.0021691973969631237,1,12,460,734,Google
DISTIBERT,1221,0.6232596232596233,0.5069663410557659,0.267515923566879,0.267515923566879,84,230,230,677,Reddit
attention-pooling,1207,0.6097763048881525,0.3787956767884714,0.0,0.0,0,10,461,736,Google
attention-pooling,1221,0.4873054873054873,0.4577629652330848,0.2491961414790997,0.49363057324840764,155,467,159,440,Reddit
attention-pooling-translated-data,1207,0.6130903065451533,0.3840712973677625,0.2,0.004338394793926247,2,8,459,738,Google
attention-pooling-translated-data,1221,0.597051597051597,0.5230317273795535,0.29107981220657275,0.39490445859872614,124,302,190,605,Reddit
